{
  "hash": "fe510e7d",
  "configHash": "0323dbd2",
  "lockfileHash": "8c5ace9a",
  "browserHash": "883b5576",
  "optimized": {
    "@angular/cdk/layout": {
      "src": "../../../../../../node_modules/@angular/cdk/fesm2022/layout.mjs",
      "file": "@angular_cdk_layout.js",
      "fileHash": "4dcfe5e5",
      "needsInterop": false
    },
    "@angular/common": {
      "src": "../../../../../../node_modules/@angular/common/fesm2022/common.mjs",
      "file": "@angular_common.js",
      "fileHash": "92f26266",
      "needsInterop": false
    },
    "@angular/common/http": {
      "src": "../../../../../../node_modules/@angular/common/fesm2022/http.mjs",
      "file": "@angular_common_http.js",
      "fileHash": "a2a45dbc",
      "needsInterop": false
    },
    "@angular/core": {
      "src": "../../../../../../node_modules/@angular/core/fesm2022/core.mjs",
      "file": "@angular_core.js",
      "fileHash": "80250cd4",
      "needsInterop": false
    },
    "@angular/platform-browser": {
      "src": "../../../../../../node_modules/@angular/platform-browser/fesm2022/platform-browser.mjs",
      "file": "@angular_platform-browser.js",
      "fileHash": "4281301a",
      "needsInterop": false
    },
    "@angular/router": {
      "src": "../../../../../../node_modules/@angular/router/fesm2022/router.mjs",
      "file": "@angular_router.js",
      "fileHash": "b861f756",
      "needsInterop": false
    },
    "@google/generative-ai": {
      "src": "../../../../../../node_modules/@google/generative-ai/dist/index.mjs",
      "file": "@google_generative-ai.js",
      "fileHash": "900c884c",
      "needsInterop": false
    },
    "devextreme-angular": {
      "src": "../../../../../../node_modules/devextreme-angular/fesm2022/devextreme-angular.mjs",
      "file": "devextreme-angular.js",
      "fileHash": "54756e25",
      "needsInterop": false
    },
    "devextreme-angular/core": {
      "src": "../../../../../../node_modules/devextreme-angular/fesm2022/devextreme-angular-core.mjs",
      "file": "devextreme-angular_core.js",
      "fileHash": "f1edfbad",
      "needsInterop": false
    },
    "devextreme-angular/http": {
      "src": "../../../../../../node_modules/devextreme-angular/fesm2022/devextreme-angular-http.mjs",
      "file": "devextreme-angular_http.js",
      "fileHash": "6a880641",
      "needsInterop": false
    },
    "devextreme-angular/ui/button": {
      "src": "../../../../../../node_modules/devextreme-angular/fesm2022/devextreme-angular-ui-button.mjs",
      "file": "devextreme-angular_ui_button.js",
      "fileHash": "960560ec",
      "needsInterop": false
    },
    "devextreme-angular/ui/context-menu": {
      "src": "../../../../../../node_modules/devextreme-angular/fesm2022/devextreme-angular-ui-context-menu.mjs",
      "file": "devextreme-angular_ui_context-menu.js",
      "fileHash": "2f62a223",
      "needsInterop": false
    },
    "devextreme-angular/ui/drawer": {
      "src": "../../../../../../node_modules/devextreme-angular/fesm2022/devextreme-angular-ui-drawer.mjs",
      "file": "devextreme-angular_ui_drawer.js",
      "fileHash": "ebc55ea4",
      "needsInterop": false
    },
    "devextreme-angular/ui/form": {
      "src": "../../../../../../node_modules/devextreme-angular/fesm2022/devextreme-angular-ui-form.mjs",
      "file": "devextreme-angular_ui_form.js",
      "fileHash": "d6d9252f",
      "needsInterop": false
    },
    "devextreme-angular/ui/list": {
      "src": "../../../../../../node_modules/devextreme-angular/fesm2022/devextreme-angular-ui-list.mjs",
      "file": "devextreme-angular_ui_list.js",
      "fileHash": "c4545a20",
      "needsInterop": false
    },
    "devextreme-angular/ui/load-indicator": {
      "src": "../../../../../../node_modules/devextreme-angular/fesm2022/devextreme-angular-ui-load-indicator.mjs",
      "file": "devextreme-angular_ui_load-indicator.js",
      "fileHash": "4c187750",
      "needsInterop": false
    },
    "devextreme-angular/ui/nested": {
      "src": "../../../../../../node_modules/devextreme-angular/fesm2022/devextreme-angular-ui-nested.mjs",
      "file": "devextreme-angular_ui_nested.js",
      "fileHash": "ff15777a",
      "needsInterop": false
    },
    "devextreme-angular/ui/scroll-view": {
      "src": "../../../../../../node_modules/devextreme-angular/fesm2022/devextreme-angular-ui-scroll-view.mjs",
      "file": "devextreme-angular_ui_scroll-view.js",
      "fileHash": "c2cb0d2d",
      "needsInterop": false
    },
    "devextreme-angular/ui/select-box": {
      "src": "../../../../../../node_modules/devextreme-angular/fesm2022/devextreme-angular-ui-select-box.mjs",
      "file": "devextreme-angular_ui_select-box.js",
      "fileHash": "90359788",
      "needsInterop": false
    },
    "devextreme-angular/ui/toolbar": {
      "src": "../../../../../../node_modules/devextreme-angular/fesm2022/devextreme-angular-ui-toolbar.mjs",
      "file": "devextreme-angular_ui_toolbar.js",
      "fileHash": "bc146666",
      "needsInterop": false
    },
    "devextreme-angular/ui/tree-view": {
      "src": "../../../../../../node_modules/devextreme-angular/fesm2022/devextreme-angular-ui-tree-view.mjs",
      "file": "devextreme-angular_ui_tree-view.js",
      "fileHash": "4cce3789",
      "needsInterop": false
    },
    "devextreme/core/config": {
      "src": "../../../../../../node_modules/devextreme/esm/core/config.js",
      "file": "devextreme_core_config.js",
      "fileHash": "56ca8aa1",
      "needsInterop": false
    },
    "devextreme/events": {
      "src": "../../../../../../node_modules/devextreme/esm/events/index.js",
      "file": "devextreme_events.js",
      "fileHash": "899a98fa",
      "needsInterop": false
    },
    "devextreme/ui/notify": {
      "src": "../../../../../../node_modules/devextreme/esm/ui/notify.js",
      "file": "devextreme_ui_notify.js",
      "fileHash": "a7c7b0c9",
      "needsInterop": false
    },
    "devextreme/ui/themes": {
      "src": "../../../../../../node_modules/devextreme/esm/ui/themes.js",
      "file": "devextreme_ui_themes.js",
      "fileHash": "83334b85",
      "needsInterop": false
    },
    "lodash": {
      "src": "../../../../../../node_modules/lodash/lodash.js",
      "file": "lodash.js",
      "fileHash": "5d4a0c90",
      "needsInterop": true
    },
    "moment": {
      "src": "../../../../../../node_modules/moment/moment.js",
      "file": "moment.js",
      "fileHash": "d022e924",
      "needsInterop": true
    },
    "moment/locale/pl": {
      "src": "../../../../../../node_modules/moment/locale/pl.js",
      "file": "moment_locale_pl.js",
      "fileHash": "68db7d21",
      "needsInterop": true
    }
  },
  "chunks": {
    "chunk-K5W6IUUB": {
      "file": "chunk-K5W6IUUB.js"
    },
    "chunk-5RKWJFHZ": {
      "file": "chunk-5RKWJFHZ.js"
    },
    "chunk-T2FRFQ2E": {
      "file": "chunk-T2FRFQ2E.js"
    },
    "chunk-2B7VLMEQ": {
      "file": "chunk-2B7VLMEQ.js"
    },
    "chunk-BDIZTFVG": {
      "file": "chunk-BDIZTFVG.js"
    },
    "chunk-EIJYND3T": {
      "file": "chunk-EIJYND3T.js"
    },
    "chunk-BAEHZR2P": {
      "file": "chunk-BAEHZR2P.js"
    },
    "chunk-QFMTCW2W": {
      "file": "chunk-QFMTCW2W.js"
    },
    "chunk-P47ESHVP": {
      "file": "chunk-P47ESHVP.js"
    },
    "chunk-DQBKZWON": {
      "file": "chunk-DQBKZWON.js"
    },
    "chunk-42TRBWEA": {
      "file": "chunk-42TRBWEA.js"
    },
    "chunk-HLBIPXFF": {
      "file": "chunk-HLBIPXFF.js"
    },
    "chunk-3HM2JABP": {
      "file": "chunk-3HM2JABP.js"
    },
    "chunk-HILWVBJW": {
      "file": "chunk-HILWVBJW.js"
    },
    "chunk-ZANLAHWK": {
      "file": "chunk-ZANLAHWK.js"
    },
    "chunk-T7VSN2CD": {
      "file": "chunk-T7VSN2CD.js"
    },
    "chunk-TK46GMF2": {
      "file": "chunk-TK46GMF2.js"
    },
    "chunk-MJ4KNKI6": {
      "file": "chunk-MJ4KNKI6.js"
    },
    "chunk-7W6OPS6O": {
      "file": "chunk-7W6OPS6O.js"
    },
    "chunk-D77BQ7AD": {
      "file": "chunk-D77BQ7AD.js"
    },
    "chunk-HIIKPTPP": {
      "file": "chunk-HIIKPTPP.js"
    },
    "chunk-VOSGCXDL": {
      "file": "chunk-VOSGCXDL.js"
    },
    "chunk-FQJQBZFP": {
      "file": "chunk-FQJQBZFP.js"
    },
    "chunk-SXMMF6QJ": {
      "file": "chunk-SXMMF6QJ.js"
    },
    "chunk-MR73ADQ7": {
      "file": "chunk-MR73ADQ7.js"
    },
    "chunk-7QOXTZ25": {
      "file": "chunk-7QOXTZ25.js"
    },
    "chunk-CYLWHOEL": {
      "file": "chunk-CYLWHOEL.js"
    },
    "chunk-AF6BX6BR": {
      "file": "chunk-AF6BX6BR.js"
    },
    "chunk-DOIRN5IG": {
      "file": "chunk-DOIRN5IG.js"
    },
    "chunk-CADIH4ZJ": {
      "file": "chunk-CADIH4ZJ.js"
    },
    "chunk-DGNKDK3D": {
      "file": "chunk-DGNKDK3D.js"
    },
    "chunk-M7JKWUQP": {
      "file": "chunk-M7JKWUQP.js"
    },
    "chunk-6PD6EB72": {
      "file": "chunk-6PD6EB72.js"
    },
    "chunk-ZEY4S4J4": {
      "file": "chunk-ZEY4S4J4.js"
    },
    "chunk-MM4NENTZ": {
      "file": "chunk-MM4NENTZ.js"
    },
    "chunk-76GCZVPW": {
      "file": "chunk-76GCZVPW.js"
    },
    "chunk-SYXCTEUS": {
      "file": "chunk-SYXCTEUS.js"
    },
    "chunk-7YZ53GCH": {
      "file": "chunk-7YZ53GCH.js"
    },
    "chunk-IRP4I5CC": {
      "file": "chunk-IRP4I5CC.js"
    },
    "chunk-MU4Z4OEA": {
      "file": "chunk-MU4Z4OEA.js"
    },
    "chunk-RC2BNL3X": {
      "file": "chunk-RC2BNL3X.js"
    },
    "chunk-W35F6NCE": {
      "file": "chunk-W35F6NCE.js"
    },
    "chunk-4BRW6FUL": {
      "file": "chunk-4BRW6FUL.js"
    },
    "chunk-UTUFIS2B": {
      "file": "chunk-UTUFIS2B.js"
    },
    "chunk-FIIAYBZC": {
      "file": "chunk-FIIAYBZC.js"
    },
    "chunk-5YDKINUH": {
      "file": "chunk-5YDKINUH.js"
    },
    "chunk-N6ESDQJH": {
      "file": "chunk-N6ESDQJH.js"
    }
  }
}