{
  "hash": "72d22dee",
  "configHash": "557d7a5a",
  "lockfileHash": "e398e37c",
  "browserHash": "250ba9fe",
  "optimized": {
    "@angular/cdk/layout": {
      "src": "../../../../../../node_modules/@angular/cdk/fesm2022/layout.mjs",
      "file": "@angular_cdk_layout.js",
      "fileHash": "27e478de",
      "needsInterop": false
    },
    "@angular/common": {
      "src": "../../../../../../node_modules/@angular/common/fesm2022/common.mjs",
      "file": "@angular_common.js",
      "fileHash": "9870437e",
      "needsInterop": false
    },
    "@angular/common/http": {
      "src": "../../../../../../node_modules/@angular/common/fesm2022/http.mjs",
      "file": "@angular_common_http.js",
      "fileHash": "09565a2d",
      "needsInterop": false
    },
    "@angular/core": {
      "src": "../../../../../../node_modules/@angular/core/fesm2022/core.mjs",
      "file": "@angular_core.js",
      "fileHash": "0d355ccc",
      "needsInterop": false
    },
    "@angular/platform-browser": {
      "src": "../../../../../../node_modules/@angular/platform-browser/fesm2022/platform-browser.mjs",
      "file": "@angular_platform-browser.js",
      "fileHash": "dcfdfedf",
      "needsInterop": false
    },
    "@angular/router": {
      "src": "../../../../../../node_modules/@angular/router/fesm2022/router.mjs",
      "file": "@angular_router.js",
      "fileHash": "d15c2123",
      "needsInterop": false
    },
    "@google/generative-ai": {
      "src": "../../../../../../node_modules/@google/generative-ai/dist/index.mjs",
      "file": "@google_generative-ai.js",
      "fileHash": "76533877",
      "needsInterop": false
    },
    "devextreme-angular": {
      "src": "../../../../../../node_modules/devextreme-angular/fesm2022/devextreme-angular.mjs",
      "file": "devextreme-angular.js",
      "fileHash": "24348315",
      "needsInterop": false
    },
    "devextreme-angular/core": {
      "src": "../../../../../../node_modules/devextreme-angular/fesm2022/devextreme-angular-core.mjs",
      "file": "devextreme-angular_core.js",
      "fileHash": "a374f954",
      "needsInterop": false
    },
    "devextreme-angular/http": {
      "src": "../../../../../../node_modules/devextreme-angular/fesm2022/devextreme-angular-http.mjs",
      "file": "devextreme-angular_http.js",
      "fileHash": "999ee93c",
      "needsInterop": false
    },
    "devextreme-angular/ui/button": {
      "src": "../../../../../../node_modules/devextreme-angular/fesm2022/devextreme-angular-ui-button.mjs",
      "file": "devextreme-angular_ui_button.js",
      "fileHash": "1f7f4cde",
      "needsInterop": false
    },
    "devextreme-angular/ui/context-menu": {
      "src": "../../../../../../node_modules/devextreme-angular/fesm2022/devextreme-angular-ui-context-menu.mjs",
      "file": "devextreme-angular_ui_context-menu.js",
      "fileHash": "9ffe9986",
      "needsInterop": false
    },
    "devextreme-angular/ui/drawer": {
      "src": "../../../../../../node_modules/devextreme-angular/fesm2022/devextreme-angular-ui-drawer.mjs",
      "file": "devextreme-angular_ui_drawer.js",
      "fileHash": "530ef389",
      "needsInterop": false
    },
    "devextreme-angular/ui/form": {
      "src": "../../../../../../node_modules/devextreme-angular/fesm2022/devextreme-angular-ui-form.mjs",
      "file": "devextreme-angular_ui_form.js",
      "fileHash": "1da3d7ab",
      "needsInterop": false
    },
    "devextreme-angular/ui/list": {
      "src": "../../../../../../node_modules/devextreme-angular/fesm2022/devextreme-angular-ui-list.mjs",
      "file": "devextreme-angular_ui_list.js",
      "fileHash": "fc191846",
      "needsInterop": false
    },
    "devextreme-angular/ui/load-indicator": {
      "src": "../../../../../../node_modules/devextreme-angular/fesm2022/devextreme-angular-ui-load-indicator.mjs",
      "file": "devextreme-angular_ui_load-indicator.js",
      "fileHash": "ca76dcc9",
      "needsInterop": false
    },
    "devextreme-angular/ui/nested": {
      "src": "../../../../../../node_modules/devextreme-angular/fesm2022/devextreme-angular-ui-nested.mjs",
      "file": "devextreme-angular_ui_nested.js",
      "fileHash": "667851e2",
      "needsInterop": false
    },
    "devextreme-angular/ui/scroll-view": {
      "src": "../../../../../../node_modules/devextreme-angular/fesm2022/devextreme-angular-ui-scroll-view.mjs",
      "file": "devextreme-angular_ui_scroll-view.js",
      "fileHash": "b1a27794",
      "needsInterop": false
    },
    "devextreme-angular/ui/select-box": {
      "src": "../../../../../../node_modules/devextreme-angular/fesm2022/devextreme-angular-ui-select-box.mjs",
      "file": "devextreme-angular_ui_select-box.js",
      "fileHash": "d94e79f1",
      "needsInterop": false
    },
    "devextreme-angular/ui/toolbar": {
      "src": "../../../../../../node_modules/devextreme-angular/fesm2022/devextreme-angular-ui-toolbar.mjs",
      "file": "devextreme-angular_ui_toolbar.js",
      "fileHash": "a32d7bd4",
      "needsInterop": false
    },
    "devextreme-angular/ui/tree-view": {
      "src": "../../../../../../node_modules/devextreme-angular/fesm2022/devextreme-angular-ui-tree-view.mjs",
      "file": "devextreme-angular_ui_tree-view.js",
      "fileHash": "00e74bdb",
      "needsInterop": false
    },
    "devextreme/core/config": {
      "src": "../../../../../../node_modules/devextreme/esm/core/config.js",
      "file": "devextreme_core_config.js",
      "fileHash": "cb16cea2",
      "needsInterop": false
    },
    "devextreme/events": {
      "src": "../../../../../../node_modules/devextreme/esm/events/index.js",
      "file": "devextreme_events.js",
      "fileHash": "8494f9e0",
      "needsInterop": false
    },
    "devextreme/ui/notify": {
      "src": "../../../../../../node_modules/devextreme/esm/ui/notify.js",
      "file": "devextreme_ui_notify.js",
      "fileHash": "9fbd4b3d",
      "needsInterop": false
    },
    "devextreme/ui/themes": {
      "src": "../../../../../../node_modules/devextreme/esm/ui/themes.js",
      "file": "devextreme_ui_themes.js",
      "fileHash": "4e4eba71",
      "needsInterop": false
    },
    "lodash": {
      "src": "../../../../../../node_modules/lodash/lodash.js",
      "file": "lodash.js",
      "fileHash": "b09ae15b",
      "needsInterop": true
    },
    "moment": {
      "src": "../../../../../../node_modules/moment/moment.js",
      "file": "moment.js",
      "fileHash": "edf6d8af",
      "needsInterop": true
    },
    "moment/locale/pl": {
      "src": "../../../../../../node_modules/moment/locale/pl.js",
      "file": "moment_locale_pl.js",
      "fileHash": "ede5945e",
      "needsInterop": true
    },
    "rxjs": {
      "src": "../../../../../../node_modules/rxjs/dist/esm5/index.js",
      "file": "rxjs.js",
      "fileHash": "959a2cda",
      "needsInterop": false
    },
    "rxjs/operators": {
      "src": "../../../../../../node_modules/rxjs/dist/esm5/operators/index.js",
      "file": "rxjs_operators.js",
      "fileHash": "fb3052a5",
      "needsInterop": false
    }
  },
  "chunks": {
    "chunk-K5W6IUUB": {
      "file": "chunk-K5W6IUUB.js"
    },
    "chunk-7F6SM73Q": {
      "file": "chunk-7F6SM73Q.js"
    },
    "chunk-GIWNIW2R": {
      "file": "chunk-GIWNIW2R.js"
    },
    "chunk-O2O5BVQW": {
      "file": "chunk-O2O5BVQW.js"
    },
    "chunk-GNO7TWDS": {
      "file": "chunk-GNO7TWDS.js"
    },
    "chunk-3C3FY446": {
      "file": "chunk-3C3FY446.js"
    },
    "chunk-3RRQ4NKU": {
      "file": "chunk-3RRQ4NKU.js"
    },
    "chunk-5SRCYWUK": {
      "file": "chunk-5SRCYWUK.js"
    },
    "chunk-ETDKZOLR": {
      "file": "chunk-ETDKZOLR.js"
    },
    "chunk-CBLXKXVB": {
      "file": "chunk-CBLXKXVB.js"
    },
    "chunk-JM55LIY5": {
      "file": "chunk-JM55LIY5.js"
    },
    "chunk-WS46HEVW": {
      "file": "chunk-WS46HEVW.js"
    },
    "chunk-JNYFZUAT": {
      "file": "chunk-JNYFZUAT.js"
    },
    "chunk-42TRBWEA": {
      "file": "chunk-42TRBWEA.js"
    },
    "chunk-SODDQ3S5": {
      "file": "chunk-SODDQ3S5.js"
    },
    "chunk-F6OJDGKH": {
      "file": "chunk-F6OJDGKH.js"
    },
    "chunk-BW76ND5E": {
      "file": "chunk-BW76ND5E.js"
    },
    "chunk-6WF2XDOW": {
      "file": "chunk-6WF2XDOW.js"
    },
    "chunk-NBBAPHVR": {
      "file": "chunk-NBBAPHVR.js"
    },
    "chunk-5T2OPQKL": {
      "file": "chunk-5T2OPQKL.js"
    },
    "chunk-D77BQ7AD": {
      "file": "chunk-D77BQ7AD.js"
    },
    "chunk-JXQ6JBGW": {
      "file": "chunk-JXQ6JBGW.js"
    },
    "chunk-VOSGCXDL": {
      "file": "chunk-VOSGCXDL.js"
    },
    "chunk-7RZOWSI4": {
      "file": "chunk-7RZOWSI4.js"
    },
    "chunk-7PCGKOZK": {
      "file": "chunk-7PCGKOZK.js"
    },
    "chunk-DGNKDK3D": {
      "file": "chunk-DGNKDK3D.js"
    },
    "chunk-5HHW3WTB": {
      "file": "chunk-5HHW3WTB.js"
    },
    "chunk-AF6BX6BR": {
      "file": "chunk-AF6BX6BR.js"
    },
    "chunk-M7JKWUQP": {
      "file": "chunk-M7JKWUQP.js"
    },
    "chunk-6PD6EB72": {
      "file": "chunk-6PD6EB72.js"
    },
    "chunk-QXE45QVL": {
      "file": "chunk-QXE45QVL.js"
    },
    "chunk-ZEY4S4J4": {
      "file": "chunk-ZEY4S4J4.js"
    },
    "chunk-CADIH4ZJ": {
      "file": "chunk-CADIH4ZJ.js"
    },
    "chunk-MM4NENTZ": {
      "file": "chunk-MM4NENTZ.js"
    },
    "chunk-76GCZVPW": {
      "file": "chunk-76GCZVPW.js"
    },
    "chunk-ZXJK4LK6": {
      "file": "chunk-ZXJK4LK6.js"
    },
    "chunk-IRP4I5CC": {
      "file": "chunk-IRP4I5CC.js"
    },
    "chunk-MU4Z4OEA": {
      "file": "chunk-MU4Z4OEA.js"
    },
    "chunk-RC2BNL3X": {
      "file": "chunk-RC2BNL3X.js"
    },
    "chunk-W35F6NCE": {
      "file": "chunk-W35F6NCE.js"
    },
    "chunk-4BRW6FUL": {
      "file": "chunk-4BRW6FUL.js"
    },
    "chunk-UTUFIS2B": {
      "file": "chunk-UTUFIS2B.js"
    },
    "chunk-HRGHA55P": {
      "file": "chunk-HRGHA55P.js"
    },
    "chunk-FPXH2I2X": {
      "file": "chunk-FPXH2I2X.js"
    },
    "chunk-ECTAQLWV": {
      "file": "chunk-ECTAQLWV.js"
    },
    "chunk-JMD3HP77": {
      "file": "chunk-JMD3HP77.js"
    },
    "chunk-UG3XN6F5": {
      "file": "chunk-UG3XN6F5.js"
    },
    "chunk-K3IIKLCY": {
      "file": "chunk-K3IIKLCY.js"
    },
    "chunk-WISTXZPE": {
      "file": "chunk-WISTXZPE.js"
    },
    "chunk-N6ESDQJH": {
      "file": "chunk-N6ESDQJH.js"
    }
  }
}